{"accuracy": [0.894861102104187, 0.9754166603088379, 0.9909722208976746, 0.9950000047683716, 0.995555579662323, 0.9972222447395325], "loss": [0.27083373069763184, 0.07875080406665802, 0.03542482480406761, 0.01899672858417034, 0.016038013622164726, 0.010281902737915516], "val_accuracy": [0.7916666865348816, 0.5183333158493042, 0.5372222065925598, 0.5149999856948853, 0.7077777981758118, 0.698888897895813], "val_loss": [0.45033615827560425, 1.0017457008361816, 2.0934760570526123, 2.4983394145965576, 1.139583945274353, 0.975339412689209]}