{"accuracy": [0.9700000286102295, 0.9950000047683716, 0.9975000023841858, 0.9997222423553467, 0.9951388835906982, 0.9991666674613953, 0.9988889098167419, 1.0, 1.0, 0.9998611211776733, 1.0, 0.9998611211776733], "loss": [0.12206529080867767, 0.016992729157209396, 0.009161795489490032, 0.0012298815418034792, 0.016180429607629776, 0.003169938223436475, 0.0024930783547461033, 0.0005426330608315766, 0.00018155832367483526, 0.0005456742364913225, 0.00039267761167138815, 0.00023660168517380953], "val_accuracy": [0.980555534362793, 0.996666669845581, 0.996666669845581, 0.9972222447395325, 0.9744444489479065, 0.9977777600288391, 0.9988889098167419, 0.9938889145851135, 0.9961110949516296, 0.9977777600288391, 0.9977777600288391, 0.9933333396911621], "val_loss": [0.08309806138277054, 0.013874240219593048, 0.012661365792155266, 0.008991495706140995, 0.12593425810337067, 0.007688064128160477, 0.0039747413247823715, 0.026510704308748245, 0.020109718665480614, 0.009461512789130211, 0.011143872514367104, 0.01856422610580921]}