{"accuracy": [0.9630555510520935, 0.9925000071525574, 0.9961110949516296, 0.9940277934074402, 0.9968055486679077, 0.9977777600288391, 0.9980555772781372, 0.9988889098167419], "loss": [0.16622506082057953, 0.026716480031609535, 0.01651184819638729, 0.023213224485516548, 0.011953686363995075, 0.008824660442769527, 0.0066891079768538475, 0.0040389192290604115], "val_accuracy": [0.992222249507904, 0.992222249507904, 0.9944444298744202, 0.9627777934074402, 0.9944444298744202, 0.9205555319786072, 0.9877777695655823, 0.9938889145851135], "val_loss": [0.02646949701011181, 0.03135346248745918, 0.020454060286283493, 0.11356349289417267, 0.024817269295454025, 0.23427030444145203, 0.04737797752022743, 0.0234511811286211]}