{"accuracy": [0.9663888812065125, 0.996666669845581, 0.9877777695655823, 0.9975000023841858, 0.9972222447395325, 0.995972216129303, 0.9993055462837219, 0.9983333349227905, 0.9997222423553467, 0.9988889098167419, 0.9981944561004639, 0.9998611211776733, 0.9980555772781372], "loss": [0.16652792692184448, 0.010803533717989922, 0.04417136684060097, 0.009479528293013573, 0.009497581049799919, 0.01194797083735466, 0.002247981494292617, 0.003336109919473529, 0.0006172318826429546, 0.0038460155483335257, 0.004615824203938246, 0.0006151814595796168, 0.006030173972249031], "val_accuracy": [0.9449999928474426, 0.9505555629730225, 0.9933333396911621, 0.9888888597488403, 0.9977777600288391, 0.9933333396911621, 0.9972222447395325, 0.995555579662323, 0.992222249507904, 0.9977777600288391, 0.9950000047683716, 0.995555579662323, 0.9961110949516296], "val_loss": [0.13683904707431793, 0.17810370028018951, 0.021904131397604942, 0.036158736795186996, 0.008469822816550732, 0.02396063134074211, 0.00968394335359335, 0.025285910815000534, 0.047817084938287735, 0.006157625000923872, 0.015188178978860378, 0.010513478890061378, 0.032576750963926315]}