{"accuracy": [0.789722204208374, 0.8763889074325562, 0.9169444441795349, 0.9352777600288391, 0.960277795791626, 0.9791666865348816, 0.9773610830307007, 0.9869444370269775, 0.9854166507720947, 0.9877777695655823, 0.9938889145851135], "loss": [0.5205715298652649, 0.3162930905818939, 0.21335110068321228, 0.16756018996238708, 0.10365581512451172, 0.05685720592737198, 0.06401701271533966, 0.03960864245891571, 0.04165051504969597, 0.03616512194275856, 0.02458150126039982], "val_accuracy": [0.8149999976158142, 0.8822222352027893, 0.9144444465637207, 0.8777777552604675, 0.92166668176651, 0.9355555772781372, 0.9238888621330261, 0.9066666960716248, 0.9072222113609314, 0.9188888669013977, 0.9072222113609314], "val_loss": [0.3703162670135498, 0.27050691843032837, 0.22245894372463226, 0.34878045320510864, 0.20347154140472412, 0.1779867261648178, 0.20899724960327148, 0.29164230823516846, 0.2617614269256592, 0.24964290857315063, 0.2849101424217224]}