{"accuracy": [0.9230555295944214, 0.9795833230018616, 0.991944432258606, 0.995972216129303, 0.996666669845581, 0.9900000095367432, 0.9976388812065125, 0.9994444251060486], "loss": [0.3521396219730377, 0.12699297070503235, 0.0833025798201561, 0.05136203020811081, 0.043175291270017624, 0.05022071301937103, 0.024465471506118774, 0.015563448891043663], "val_accuracy": [0.661478579044342, 0.6959421634674072, 0.8482490181922913, 0.7070595026016235, 0.516398012638092, 0.5480822920799255, 0.7554196715354919, 0.7204002141952515], "val_loss": [0.7511799931526184, 0.7314654588699341, 0.4678334891796112, 0.8262924551963806, 3.903228521347046, 2.884720802307129, 0.8773055672645569, 1.612796664237976]}